date,type,source_url,checked_by
2026-10-01,tenshabi,https://www.arachne.jp/onlinecalendar/taian/2026/,CC
2026-10-01,ichiryumanbaibi,https://www.arachne.jp/onlinecalendar/taian/2026/,CC
2026-10-11,ichiryumanbaibi,https://www.arachne.jp/onlinecalendar/taian/2026/,CC
2026-10-11,shingetsu,https://eco.mtk.nao.ac.jp/koyomi/yoko/2026/rekiyou263.html,CC
2026-10-14,ichiryumanbaibi,https://www.arachne.jp/onlinecalendar/taian/2026/,CC
2026-10-23,ichiryumanbaibi,https://www.arachne.jp/onlinecalendar/taian/2026/,CC
2026-10-26,ichiryumanbaibi,https://www.arachne.jp/onlinecalendar/taian/2026/,CC
2026-10-26,mangetsu,https://eco.mtk.nao.ac.jp/koyomi/yoko/2026/rekiyou263.html,CC
2026-11-04,ichiryumanbaibi,https://www.arachne.jp/onlinecalendar/taian/2026/,CC
2026-11-07,ichiryumanbaibi,https://www.arachne.jp/onlinecalendar/taian/2026/,CC
2026-11-08,ichiryumanbaibi,https://www.arachne.jp/onlinecalendar/taian/2026/,CC
2026-11-09,shingetsu,https://eco.mtk.nao.ac.jp/koyomi/yoko/2026/rekiyou263.html,CC
2026-11-19,ichiryumanbaibi,https://www.arachne.jp/onlinecalendar/taian/2026/,CC
2026-11-20,ichiryumanbaibi,https://www.arachne.jp/onlinecalendar/taian/2026/,CC
2026-11-24,mangetsu,https://eco.mtk.nao.ac.jp/koyomi/yoko/2026/rekiyou263.html,CC
2026-12-01,ichiryumanbaibi,https://www.arachne.jp/onlinecalendar/taian/2026/,CC
2026-12-02,ichiryumanbaibi,https://www.arachne.jp/onlinecalendar/taian/2026/,CC
2026-12-09,shingetsu,https://eco.mtk.nao.ac.jp/koyomi/yoko/2026/rekiyou263.html,CC
2026-12-15,ichiryumanbaibi,https://www.arachne.jp/onlinecalendar/taian/2026/,CC
2026-12-16,tenshabi,https://www.arachne.jp/onlinecalendar/taian/2026/,CC
2026-12-16,ichiryumanbaibi,https://www.arachne.jp/onlinecalendar/taian/2026/,CC
2026-12-24,mangetsu,https://eco.mtk.nao.ac.jp/koyomi/yoko/2026/rekiyou263.html,CC
2026-12-27,ichiryumanbaibi,https://www.arachne.jp/onlinecalendar/taian/2026/,CC
2026-12-28,ichiryumanbaibi,https://www.arachne.jp/onlinecalendar/taian/2026/,CC
